<configurationDescriptor version="62">
  <logicalFolder name="root" displayName="root" projectFiles="true">
    <logicalFolder name="HeaderFiles" displayName="Header Files" projectFiles="true">
      <logicalFolder name="mcc_generated_files" displayName="MCC Generated Files" projectFiles="true">
        <itemPath>mcc_generated_files/mcc.h</itemPath>
        <itemPath>mcc_generated_files/nco1.h</itemPath>
        <itemPath>mcc_generated_files/pin_manager.h</itemPath>
        <itemPath>mcc_generated_files/tmr0.h</itemPath>
      </logicalFolder>
      <itemPath>notes.h</itemPath>
    </logicalFolder>
    <logicalFolder name="LinkerScript" displayName="Linker Files" projectFiles="true" />
    <logicalFolder name="SourceFiles" displayName="Source Files" projectFiles="true">
      <logicalFolder name="mcc_generated_files" displayName="MCC Generated Files" projectFiles="true">
        <itemPath>mcc_generated_files/mcc.c</itemPath>
        <itemPath>mcc_generated_files/nco1.c</itemPath>
        <itemPath>mcc_generated_files/pin_manager.c</itemPath>
        <itemPath>mcc_generated_files/tmr0.c</itemPath>
      </logicalFolder>
    </logicalFolder>
    <logicalFolder name="ExternalFiles" displayName="Important Files" projectFiles="false">
      <itemPath>Makefile</itemPath>
      <itemPath>device_config.mc3</itemPath>
    </logicalFolder>
    <itemPath>main.c</itemPath>
  </logicalFolder>
  <sourceRootList></sourceRootList>
  <projectmakefile>Makefile</projectmakefile>
  <confs>
    <conf name="free" type="2">
      <toolsSet>
        <developmentServer>localhost</developmentServer>
        <targetDevice>PIC16F18855</targetDevice>
        <targetHeader></targetHeader>
        <targetPluginBoard></targetPluginBoard>
        <platformTool>Simulator</platformTool>
        <languageToolchain>XC8</languageToolchain>
        <languageToolchainVersion>1.41</languageToolchainVersion>
        <platform>3</platform>
      </toolsSet>
      <HI-TECH-COMP>
        <property key="operation-mode" value="free" />
        <property key="verbose" value="false" />
        <property key="warning-level" value="0" />
        <property key="optimization-speed" value="false" />
        <property key="optimization-debug" value="false" />
        <property key="use-cci" value="false" />
      </HI-TECH-COMP>
      <XC8-config-global>
        <property key="advanced-elf" value="true" />
        <property key="output-file-format" value="-mcof,+elf" />
        <property key="stack-size-high" value="auto" />
        <property key="stack-size-low" value="auto" />
        <property key="stack-size-main" value="auto" />
        <property key="stack-type" value="compiled" />
        <property key="gcc-opt-std" value="--std=c89" />
      </XC8-config-global>
      <C32>
        <property key="generate-16-bit-code" value="false" />
        <property key="generate-micro-compressed-code" value="false" />
        <property key="additional-warnings" value="false" />
        <property key="optimization-level" value="-O1" />
        <property key="extra-include-directories" value="" />
      </C32>
      <C32-AS>
        <property key="generate-16-bit-code" value="false" />
        <property key="generate-micro-compressed-code" value="false" />
      </C32-AS>
      <C32-LD>
        <property key="generate-16-bit-code" value="false" />
        <property key="generate-micro-compressed-code" value="false" />
        <property key="optimization-level" value="-O1" />
        <property key="heap-size" value="" />
      </C32-LD>
      <C32CPP>
        <property key="generate-16-bit-code" value="false" />
        <property key="generate-micro-compressed-code" value="false" />
        <property key="additional-warnings" value="false" />
        <property key="optimization-level" value="-O1" />
      </C32CPP>
      <PKOBSKDEPlatformTool>
        <property key="programoptions.uselvpprogramming" value="true" />
        <property key="programoptions.eraseb4program" value="true" />
      </PKOBSKDEPlatformTool>
      <PICkit3PlatformTool>
        <property key="poweroptions.powerenable" value="false" />
        <property key="voltagevalue" value="5.0" />
        <property key="programoptions.uselvpprogramming" value="false" />
      </PICkit3PlatformTool>
      <makeCustomizationType>
        <makeCustomizationPutChecksumInUserID>false</makeCustomizationPutChecksumInUserID>
      </makeCustomizationType>
      <C30>
        <property key="enable-all-warnings" value="false" />
        <property key="optimization-level" value="0" />
      </C30>
      <HI-TECH-LINK>
        <property key="data-model-size-of-double-float" value="24 bit" />
        <property key="additional-options-code-offset" value="" />
        <property key="link-in-c-library" value="true" />
        <property key="link-in-c-library-gcc" value="" />
      </HI-TECH-LINK>
      <packs>
        <pack vendor="Microchip" name="PIC16F1xxxx_DFP" version="1.0.71" />
      </packs>
    </conf>
    <conf name="pro" type="2">
      <toolsSet>
        <developmentServer>localhost</developmentServer>
        <targetDevice>PIC16F18855</targetDevice>
        <targetHeader></targetHeader>
        <targetPluginBoard></targetPluginBoard>
        <platformTool>Simulator</platformTool>
        <languageToolchain>XC8</languageToolchain>
        <languageToolchainVersion>1.41</languageToolchainVersion>
        <platform>3</platform>
      </toolsSet>
      <HI-TECH-COMP>
        <property key="operation-mode" value="pro" />
        <property key="verbose" value="false" />
        <property key="warning-level" value="0" />
        <property key="optimization-speed" value="false" />
        <property key="optimization-debug" value="false" />
        <property key="use-cci" value="false" />
      </HI-TECH-COMP>
      <XC8-config-global>
        <property key="advanced-elf" value="true" />
        <property key="output-file-format" value="-mcof,+elf" />
        <property key="stack-size-high" value="auto" />
        <property key="stack-size-low" value="auto" />
        <property key="stack-size-main" value="auto" />
        <property key="stack-type" value="compiled" />
        <property key="gcc-opt-std" value="--std=c89" />
      </XC8-config-global>
      <C32>
        <property key="generate-16-bit-code" value="false" />
        <property key="generate-micro-compressed-code" value="false" />
        <property key="additional-warnings" value="false" />
        <property key="optimization-level" value="-O1" />
        <property key="extra-include-directories" value="" />
      </C32>
      <C32-AS>
        <property key="generate-16-bit-code" value="false" />
        <property key="generate-micro-compressed-code" value="false" />
      </C32-AS>
      <C32-LD>
        <property key="generate-16-bit-code" value="false" />
        <property key="generate-micro-compressed-code" value="false" />
        <property key="optimization-level" value="-O1" />
        <property key="heap-size" value="" />
      </C32-LD>
      <C32CPP>
        <property key="generate-16-bit-code" value="false" />
        <property key="generate-micro-compressed-code" value="false" />
        <property key="additional-warnings" value="false" />
        <property key="optimization-level" value="-O1" />
      </C32CPP>
      <PKOBSKDEPlatformTool>
        <property key="programoptions.uselvpprogramming" value="true" />
        <property key="programoptions.eraseb4program" value="true" />
      </PKOBSKDEPlatformTool>
      <PICkit3PlatformTool>
        <property key="poweroptions.powerenable" value="false" />
        <property key="voltagevalue" value="5.0" />
        <property key="programoptions.uselvpprogramming" value="false" />
      </PICkit3PlatformTool>
      <makeCustomizationType>
        <makeCustomizationPutChecksumInUserID>false</makeCustomizationPutChecksumInUserID>
      </makeCustomizationType>
      <C30>
        <property key="enable-all-warnings" value="false" />
        <property key="optimization-level" value="0" />
      </C30>
      <HI-TECH-LINK>
        <property key="data-model-size-of-double-float" value="24 bit" />
        <property key="additional-options-code-offset" value="" />
        <property key="link-in-c-library" value="true" />
        <property key="link-in-c-library-gcc" value="" />
      </HI-TECH-LINK>
    </conf>
  </confs>
</configurationDescriptor>