<project xmlns="http://www.netbeans.org/ns/project/1">
  <type>com.microchip.mplab.nbide.embedded.makeproject</type>
  <configuration>
    <data xmlns="http://www.netbeans.org/ns/make-project/1">
      <name>Xpress_Music_Box</name>
      <creation-uuid>37dac6de-9078-4ec8-a92c-9a40a45a6343</creation-uuid>
      <make-project-type>0</make-project-type>
      <c-extensions>c</c-extensions>
      <cpp-extensions />
      <header-extensions>h</header-extensions>
      <asminc-extensions />
      <sourceEncoding>ISO-8859-1</sourceEncoding>
      <make-dep-projects />
    </data>
  </configuration>
</project>