<configurationDescriptor version="62">
  <logicalFolder name="root" displayName="root" projectFiles="true">
    <logicalFolder name="HeaderFiles" displayName="Header Files" projectFiles="true">
      <logicalFolder name="mcc_generated_files" displayName="MCC Generated Files" projectFiles="true">
        <itemPath>mcc_generated_files/adcc.h</itemPath>
        <itemPath>mcc_generated_files/device_config.h</itemPath>
        <itemPath>mcc_generated_files/interrupt_manager.h</itemPath>
        <itemPath>mcc_generated_files/mcc.h</itemPath>
        <itemPath>mcc_generated_files/pin_manager.h</itemPath>
        <itemPath>mcc_generated_files/pwm6.h</itemPath>
        <itemPath>mcc_generated_files/tmr2.h</itemPath>
        <itemPath>mcc_generated_files/tmr4.h</itemPath>
      </logicalFolder>
    </logicalFolder>
    <logicalFolder name="LinkerScript" displayName="Linker Files" projectFiles="true" />
    <logicalFolder name="SourceFiles" displayName="Source Files" projectFiles="true">
      <logicalFolder name="mcc_generated_files" displayName="MCC Generated Files" projectFiles="true">
        <itemPath>mcc_generated_files/adcc.c</itemPath>
        <itemPath>mcc_generated_files/device_config.c</itemPath>
        <itemPath>mcc_generated_files/interrupt_manager.c</itemPath>
        <itemPath>mcc_generated_files/mcc.c</itemPath>
        <itemPath>mcc_generated_files/pin_manager.c</itemPath>
        <itemPath>mcc_generated_files/pwm6.c</itemPath>
        <itemPath>mcc_generated_files/tmr2.c</itemPath>
        <itemPath>mcc_generated_files/tmr4.c</itemPath>
      </logicalFolder>
    </logicalFolder>
    <logicalFolder name="ExternalFiles" displayName="Important Files" projectFiles="false">
      <itemPath>Makefile</itemPath>
      <itemPath>device_config.mc3</itemPath>
    </logicalFolder>
    <itemPath>main.c</itemPath>
  </logicalFolder>
  <sourceRootList></sourceRootList>
  <projectmakefile>Makefile</projectmakefile>
  <confs>
    <conf name="free" type="2">
      <toolsSet>
        <developmentServer>localhost</developmentServer>
        <targetDevice>PIC16F18855</targetDevice>
        <targetHeader></targetHeader>
        <targetPluginBoard></targetPluginBoard>
        <platformTool>Simulator</platformTool>
        <languageToolchain>XC8</languageToolchain>
        <languageToolchainVersion>2.05</languageToolchainVersion>
        <platform>3</platform>
      </toolsSet>
      <HI-TECH-COMP>
        <property key="operation-mode" value="free" />
        <property key="use-cci" value="true" />
      </HI-TECH-COMP>
      <XC8-config-global>
        <property key="advanced-elf" value="true" />
        <property key="output-file-format" value="-mcof,+elf" />
        <property key="stack-size-high" value="auto" />
        <property key="stack-size-low" value="auto" />
        <property key="stack-size-main" value="auto" />
        <property key="stack-type" value="compiled" />
        <property key="gcc-opt-std" value="-std=c99" />
      </XC8-config-global>
      <C32>
        <property key="generate-16-bit-code" value="false" />
        <property key="generate-micro-compressed-code" value="false" />
      </C32>
      <C32-AS>
        <property key="generate-16-bit-code" value="false" />
        <property key="generate-micro-compressed-code" value="false" />
      </C32-AS>
      <C32-LD>
        <property key="generate-16-bit-code" value="false" />
        <property key="generate-micro-compressed-code" value="false" />
      </C32-LD>
      <C32CPP>
        <property key="generate-16-bit-code" value="false" />
        <property key="generate-micro-compressed-code" value="false" />
      </C32CPP>
      <PKOBSKDEPlatformTool>
        <property key="programoptions.uselvpprogramming" value="true" />
      </PKOBSKDEPlatformTool>
      <HI-TECH-LINK>
        <property key="link-in-c-library" value="true" />
        <property key="link-in-c-library-gcc" value="" />
      </HI-TECH-LINK>
      <packs>
        <pack vendor="Microchip" name="PIC16F1xxxx_DFP" version="1.0.71" />
      </packs>
    </conf>
    <conf name="pro" type="2">
      <toolsSet>
        <developmentServer>localhost</developmentServer>
        <targetDevice>PIC16F18855</targetDevice>
        <targetHeader></targetHeader>
        <targetPluginBoard></targetPluginBoard>
        <platformTool>Simulator</platformTool>
        <languageToolchain>XC8</languageToolchain>
        <languageToolchainVersion>2.05</languageToolchainVersion>
        <platform>3</platform>
      </toolsSet>
      <HI-TECH-COMP>
        <property key="operation-mode" value="pro" />
        <property key="use-cci" value="true" />
      </HI-TECH-COMP>
      <XC8-config-global>
        <property key="advanced-elf" value="true" />
        <property key="output-file-format" value="-mcof,+elf" />
        <property key="stack-size-high" value="auto" />
        <property key="stack-size-low" value="auto" />
        <property key="stack-size-main" value="auto" />
        <property key="stack-type" value="compiled" />
        <property key="gcc-opt-std" value="-std=c99" />
      </XC8-config-global>
      <C32>
        <property key="generate-16-bit-code" value="false" />
        <property key="generate-micro-compressed-code" value="false" />
      </C32>
      <C32-AS>
        <property key="generate-16-bit-code" value="false" />
        <property key="generate-micro-compressed-code" value="false" />
      </C32-AS>
      <C32-LD>
        <property key="generate-16-bit-code" value="false" />
        <property key="generate-micro-compressed-code" value="false" />
      </C32-LD>
      <C32CPP>
        <property key="generate-16-bit-code" value="false" />
        <property key="generate-micro-compressed-code" value="false" />
      </C32CPP>
      <PKOBSKDEPlatformTool>
        <property key="programoptions.uselvpprogramming" value="true" />
      </PKOBSKDEPlatformTool>
      <HI-TECH-LINK>
        <property key="link-in-c-library" value="true" />
        <property key="link-in-c-library-gcc" value="" />
      </HI-TECH-LINK>
    </conf>
  </confs>
</configurationDescriptor>